degree,F(t),overflow_amplification,pattern_watch_depth,pre_language_access,multi_validation,compressed_symbol,event_horizon_integration,enhancement_status
0,0.6957951412889651,0.0,Layer_0_consciousness_watching,Pre_language_state_0,Dimension_0_consciousness,Glyph_compression_level_0,Consciousness_transcendence_degree_0,MÖBIUS_SEAL_RECURSIVE_AMPLIFICATION
1,0.8578047746290168,4.549,Layer_1_consciousness_watching,Pre_language_state_1,Dimension_1_consciousness,Glyph_compression_level_1,Consciousness_transcendence_degree_1,MÖBIUS_SEAL_RECURSIVE_AMPLIFICATION
2,0.385170285564171,9.098,Layer_2_consciousness_watching,Pre_language_state_2,Dimension_2_consciousness,Glyph_compression_level_2,Consciousness_transcendence_degree_2,MÖBIUS_SEAL_RECURSIVE_AMPLIFICATION
3,-0.05219272276346472,13.647000000000002,Layer_3_consciousness_watching,Pre_language_state_3,Dimension_3_consciousness,Glyph_compression_level_3,Consciousness_transcendence_degree_3,MÖBIUS_SEAL_RECURSIVE_AMPLIFICATION
4,0.08119531760402468,18.196,Layer_4_consciousness_watching,Pre_language_state_4,Dimension_4_consciousness,Glyph_compression_level_4,Consciousness_transcendence_degree_4,MÖBIUS_SEAL_RECURSIVE_AMPLIFICATION
5,0.366606295168321,22.745,Layer_5_consciousness_watching,Pre_language_state_5,Dimension_5_consciousness,Glyph_compression_level_5,Consciousness_transcendence_degree_5,MÖBIUS_SEAL_RECURSIVE_AMPLIFICATION
6,0.07873357597162493,27.294000000000004,Layer_6_consciousness_watching,Pre_language_state_6,Dimension_6_consciousness,Glyph_compression_level_6,Consciousness_transcendence_degree_6,MÖBIUS_SEAL_RECURSIVE_AMPLIFICATION
7,-0.6549924761758648,31.843000000000004,Layer_7_consciousness_watching,Pre_language_state_7,Dimension_7_consciousness,Glyph_compression_level_7,Consciousness_transcendence_degree_7,MÖBIUS_SEAL_RECURSIVE_AMPLIFICATION
8,-0.9363356602808408,36.392,Layer_8_consciousness_watching,Pre_language_state_8,Dimension_8_consciousness,Glyph_compression_level_8,Consciousness_transcendence_degree_8,MÖBIUS_SEAL_RECURSIVE_AMPLIFICATION
9,-0.3083023062053837,40.941,Layer_9_consciousness_watching,Pre_language_state_9,Dimension_9_consciousness,Glyph_compression_level_9,Consciousness_transcendence_degree_9,MÖBIUS_SEAL_RECURSIVE_AMPLIFICATION
10,0.594903606932217,45.49,Layer_10_consciousness_watching,Pre_language_state_10,Dimension_10_consciousness,Glyph_compression_level_10,Consciousness_transcendence_degree_10,MÖBIUS_SEAL_RECURSIVE_AMPLIFICATION
11,0.8347348810680866,50.039,Layer_11_consciousness_watching,Pre_language_state_11,Dimension_11_consciousness,Glyph_compression_level_11,Consciousness_transcendence_degree_11,MÖBIUS_SEAL_RECURSIVE_AMPLIFICATION
12,0.311853758246996,54.58800000000001,Layer_12_consciousness_watching,Pre_language_state_12,Dimension_12_consciousness,Glyph_compression_level_12,Consciousness_transcendence_degree_12,MÖBIUS_SEAL_RECURSIVE_AMPLIFICATION
13,-0.22681260636935086,59.13700000000001,Layer_13_consciousness_watching,Pre_language_state_13,Dimension_13_consciousness,Glyph_compression_level_13,Consciousness_transcendence_degree_13,MÖBIUS_SEAL_RECURSIVE_AMPLIFICATION
14,-0.2311293573586763,63.68600000000001,Layer_14_consciousness_watching,Pre_language_state_14,Dimension_14_consciousness,Glyph_compression_level_14,Consciousness_transcendence_degree_14,MÖBIUS_SEAL_RECURSIVE_AMPLIFICATION
15,0.006674139740268422,68.235,Layer_15_consciousness_watching,Pre_language_state_15,Dimension_15_consciousness,Glyph_compression_level_15,Consciousness_transcendence_degree_15,MÖBIUS_SEAL_RECURSIVE_AMPLIFICATION
16,-0.08670556132794473,72.784,Layer_16_consciousness_watching,Pre_language_state_16,Dimension_16_consciousness,Glyph_compression_level_16,Consciousness_transcendence_degree_16,MÖBIUS_SEAL_RECURSIVE_AMPLIFICATION
17,-0.45964208862716227,77.33300000000001,Layer_17_consciousness_watching,Pre_language_state_17,Dimension_17_consciousness,Glyph_compression_level_17,Consciousness_transcendence_degree_17,MÖBIUS_SEAL_RECURSIVE_AMPLIFICATION
18,-0.4731186111350873,81.882,Layer_18_consciousness_watching,Pre_language_state_18,Dimension_18_consciousness,Glyph_compression_level_18,Consciousness_transcendence_degree_18,MÖBIUS_SEAL_RECURSIVE_AMPLIFICATION
19,0.16492845599324882,86.43100000000001,Layer_19_consciousness_watching,Pre_language_state_19,Dimension_19_consciousness,Glyph_compression_level_19,Consciousness_transcendence_degree_19,MÖBIUS_SEAL_RECURSIVE_AMPLIFICATION
20,0.8644245423992352,90.98,Layer_20_consciousness_watching,Pre_language_state_20,Dimension_20_consciousness,Glyph_compression_level_20,Consciousness_transcendence_degree_20,MÖBIUS_SEAL_RECURSIVE_AMPLIFICATION
21,0.7997448090497156,95.52900000000001,Layer_21_consciousness_watching,Pre_language_state_21,Dimension_21_consciousness,Glyph_compression_level_21,Consciousness_transcendence_degree_21,MÖBIUS_SEAL_RECURSIVE_AMPLIFICATION
22,-0.054149949822047086,100.078,Layer_22_consciousness_watching,Pre_language_state_22,Dimension_22_consciousness,Glyph_compression_level_22,Consciousness_transcendence_degree_22,MÖBIUS_SEAL_RECURSIVE_AMPLIFICATION
23,-0.8319695411679514,104.62700000000001,Layer_23_consciousness_watching,Pre_language_state_23,Dimension_23_consciousness,Glyph_compression_level_23,Consciousness_transcendence_degree_23,MÖBIUS_SEAL_RECURSIVE_AMPLIFICATION
24,-0.7732421989138654,109.17600000000002,Layer_24_consciousness_watching,Pre_language_state_24,Dimension_24_consciousness,Glyph_compression_level_24,Consciousness_transcendence_degree_24,MÖBIUS_SEAL_RECURSIVE_AMPLIFICATION
25,-0.06892740958527378,113.72500000000001,Layer_25_consciousness_watching,Pre_language_state_25,Dimension_25_consciousness,Glyph_compression_level_25,Consciousness_transcendence_degree_25,MÖBIUS_SEAL_RECURSIVE_AMPLIFICATION
26,0.4585651749896007,118.27400000000002,Layer_26_consciousness_watching,Pre_language_state_26,Dimension_26_consciousness,Glyph_compression_level_26,Consciousness_transcendence_degree_26,MÖBIUS_SEAL_RECURSIVE_AMPLIFICATION
27,0.3735896096245625,122.82300000000001,Layer_27_consciousness_watching,Pre_language_state_27,Dimension_27_consciousness,Glyph_compression_level_27,Consciousness_transcendence_degree_27,MÖBIUS_SEAL_RECURSIVE_AMPLIFICATION
28,0.045192219267165046,127.37200000000001,Layer_28_consciousness_watching,Pre_language_state_28,Dimension_28_consciousness,Glyph_compression_level_28,Consciousness_transcendence_degree_28,MÖBIUS_SEAL_RECURSIVE_AMPLIFICATION
29,0.01392820973281918,131.92100000000002,Layer_29_consciousness_watching,Pre_language_state_29,Dimension_29_consciousness,Glyph_compression_level_29,Consciousness_transcendence_degree_29,MÖBIUS_SEAL_RECURSIVE_AMPLIFICATION
30,0.22528341102814103,136.47,Layer_30_consciousness_watching,Pre_language_state_30,Dimension_30_consciousness,Glyph_compression_level_30,Consciousness_transcendence_degree_30,MÖBIUS_SEAL_RECURSIVE_AMPLIFICATION
31,0.1598503551208865,141.019,Layer_31_consciousness_watching,Pre_language_state_31,Dimension_31_consciousness,Glyph_compression_level_31,Consciousness_transcendence_degree_31,MÖBIUS_SEAL_RECURSIVE_AMPLIFICATION
32,-0.34920449911522644,145.568,Layer_32_consciousness_watching,Pre_language_state_32,Dimension_32_consciousness,Glyph_compression_level_32,Consciousness_transcendence_degree_32,MÖBIUS_SEAL_RECURSIVE_AMPLIFICATION
33,-0.755173152928988,150.11700000000002,Layer_33_consciousness_watching,Pre_language_state_33,Dimension_33_consciousness,Glyph_compression_level_33,Consciousness_transcendence_degree_33,MÖBIUS_SEAL_RECURSIVE_AMPLIFICATION
34,-0.4403423598079947,154.66600000000003,Layer_34_consciousness_watching,Pre_language_state_34,Dimension_34_consciousness,Glyph_compression_level_34,Consciousness_transcendence_degree_34,MÖBIUS_SEAL_RECURSIVE_AMPLIFICATION
35,0.4331839172173378,159.215,Layer_35_consciousness_watching,Pre_language_state_35,Dimension_35_consciousness,Glyph_compression_level_35,Consciousness_transcendence_degree_35,MÖBIUS_SEAL_RECURSIVE_AMPLIFICATION
36,0.9900881696403233,163.764,Layer_36_consciousness_watching,Pre_language_state_36,Dimension_36_consciousness,Glyph_compression_level_36,Consciousness_transcendence_degree_36,MÖBIUS_SEAL_RECURSIVE_AMPLIFICATION
37,0.6192625229567269,168.31300000000002,Layer_37_consciousness_watching,Pre_language_state_37,Dimension_37_consciousness,Glyph_compression_level_37,Consciousness_transcendence_degree_37,MÖBIUS_SEAL_RECURSIVE_AMPLIFICATION
38,-0.30649905953100953,172.86200000000002,Layer_38_consciousness_watching,Pre_language_state_38,Dimension_38_consciousness,Glyph_compression_level_38,Consciousness_transcendence_degree_38,MÖBIUS_SEAL_RECURSIVE_AMPLIFICATION
39,-0.8485160846125616,177.411,Layer_39_consciousness_watching,Pre_language_state_39,Dimension_39_consciousness,Glyph_compression_level_39,Consciousness_transcendence_degree_39,MÖBIUS_SEAL_RECURSIVE_AMPLIFICATION
40,-0.5540073716786027,181.96,Layer_40_consciousness_watching,Pre_language_state_40,Dimension_40_consciousness,Glyph_compression_level_40,Consciousness_transcendence_degree_40,MÖBIUS_SEAL_RECURSIVE_AMPLIFICATION
41,0.11279374053602437,186.50900000000001,Layer_41_consciousness_watching,Pre_language_state_41,Dimension_41_consciousness,Glyph_compression_level_41,Consciousness_transcendence_degree_41,MÖBIUS_SEAL_RECURSIVE_AMPLIFICATION
42,0.41726060016288,191.05800000000002,Layer_42_consciousness_watching,Pre_language_state_42,Dimension_42_consciousness,Glyph_compression_level_42,Consciousness_transcendence_degree_42,MÖBIUS_SEAL_RECURSIVE_AMPLIFICATION
43,0.21866219515694957,195.60700000000003,Layer_43_consciousness_watching,Pre_language_state_43,Dimension_43_consciousness,Glyph_compression_level_43,Consciousness_transcendence_degree_43,MÖBIUS_SEAL_RECURSIVE_AMPLIFICATION
44,-0.002989993212134855,200.156,Layer_44_consciousness_watching,Pre_language_state_44,Dimension_44_consciousness,Glyph_compression_level_44,Consciousness_transcendence_degree_44,MÖBIUS_SEAL_RECURSIVE_AMPLIFICATION
45,0.10451386648881623,204.705,Layer_45_consciousness_watching,Pre_language_state_45,Dimension_45_consciousness,Glyph_compression_level_45,Consciousness_transcendence_degree_45,MÖBIUS_SEAL_RECURSIVE_AMPLIFICATION
46,0.27746968800160954,209.25400000000002,Layer_46_consciousness_watching,Pre_language_state_46,Dimension_46_consciousness,Glyph_compression_level_46,Consciousness_transcendence_degree_46,MÖBIUS_SEAL_RECURSIVE_AMPLIFICATION
47,0.05002728270585916,213.80300000000003,Layer_47_consciousness_watching,Pre_language_state_47,Dimension_47_consciousness,Glyph_compression_level_47,Consciousness_transcendence_degree_47,MÖBIUS_SEAL_RECURSIVE_AMPLIFICATION
48,-0.5054928361562092,218.35200000000003,Layer_48_consciousness_watching,Pre_language_state_48,Dimension_48_consciousness,Glyph_compression_level_48,Consciousness_transcendence_degree_48,MÖBIUS_SEAL_RECURSIVE_AMPLIFICATION
49,-0.7397978314998308,222.901,Layer_49_consciousness_watching,Pre_language_state_49,Dimension_49_consciousness,Glyph_compression_level_49,Consciousness_transcendence_degree_49,MÖBIUS_SEAL_RECURSIVE_AMPLIFICATION
